<?xml version="1.0" encoding="utf-8"?>

<instance xmlns="http://www.exelearning.org/content/v0.3" reference="20" version="0.3" xmlns:xsi="http://www.w3.org/2001/XMLSchema-instance" xsi:schemalocation="http://www.exelearning.org/content/v0.3 content.xsd" class="exe.engine.package.Package">
 <dictionary>
  <string role="key" value="_title"></string>
  <unicode value="Prueba1"></unicode>
  <string role="key" value="idevices"></string>
  <list></list>
  <string role="key" value="_addPagination"></string>
  <bool value="0"></bool>
  <string role="key" value="_addSearchBox"></string>
  <bool value="0"></bool>
  <string role="key" value="_author"></string>
  <unicode value="Sebastian J"></unicode>
  <string role="key" value="_backgroundImg"></string>
  <unicode value=""></unicode>
  <string role="key" value="_contextMode"></string>
  <unicode value=""></unicode>
  <string role="key" value="_contextPlace"></string>
  <unicode value=""></unicode>
  <string role="key" value="_description"></string>
  <unicode value="Prueba1"></unicode>
  <string role="key" value="_docType"></string>
  <unicode value="HTML5"></unicode>
  <string role="key" value="_exportElp"></string>
  <bool value="0"></bool>
  <string role="key" value="_extraHeadContent"></string>
  <unicode value=""></unicode>
  <string role="key" value="_fieldValidationInfo"></string>
  <dictionary>
   <unicode role="key" value="all"></unicode>
   <dictionary>
    <unicode role="key" value="mandatory_fields"></unicode>
    <list>
     <unicode value="pp_title"></unicode>
     <unicode value="pp_lang"></unicode>
     <unicode value="pp_description"></unicode>
     <unicode value="pp_author"></unicode>
     <unicode value="pp_newlicense"></unicode>
    </list>
   </dictionary>
   <unicode role="key" value="procomun"></unicode>
   <dictionary>
    <unicode role="key" value="mandatory_fields"></unicode>
    <list>
     <unicode value="pp_learningResourceType"></unicode>
    </list>
    <unicode role="key" value="values_from_list"></unicode>
    <dictionary>
     <unicode role="key" value="pp_learningResourceType"></unicode>
     <list>
      <unicode value="master class"></unicode>
      <unicode value="closed exercise or problem"></unicode>
      <unicode value="real project"></unicode>
      <unicode value="didactic game"></unicode>
      <unicode value="webquest"></unicode>
      <unicode value="open problem"></unicode>
      <unicode value="simulation"></unicode>
      <unicode value="questionnaire"></unicode>
      <unicode value="conceptual map"></unicode>
     </list>
    </dictionary>
   </dictionary>
  </dictionary>
  <string role="key" value="_intendedEndUserRoleGroup"></string>
  <bool value="0"></bool>
  <string role="key" value="_intendedEndUserRoleTutor"></string>
  <bool value="0"></bool>
  <string role="key" value="_intendedEndUserRoleType"></string>
  <unicode value=""></unicode>
  <string role="key" value="_isChanged"></string>
  <bool value="0"></bool>
  <string role="key" value="_isTemplate"></string>
  <bool value="0"></bool>
  <string role="key" value="_lang"></string>
  <unicode value="es"></unicode>
  <string role="key" value="_learningResourceType"></string>
  <unicode value=""></unicode>
  <string role="key" value="_levelNames"></string>
  <list>
   <unicode value="Tema"></unicode>
   <unicode value="Sección"></unicode>
   <unicode value="Unidad"></unicode>
  </list>
  <string role="key" value="_name"></string>
  <unicode value="Prueba1"></unicode>
  <string role="key" value="_nextIdeviceId"></string>
  <int value="7"></int>
  <string role="key" value="_nextNodeId"></string>
  <int value="1"></int>
  <string role="key" value="_nodeIdDict"></string>
  <dictionary>
   <unicode role="key" value="0"></unicode>
   <instance class="exe.engine.node.Node" reference="1">
    <dictionary>
     <string role="key" value="_title"></string>
     <unicode value="Inicio"></unicode>
     <string role="key" value="idevices"></string>
     <list>
      <instance class="exe.engine.quiztestidevice.QuizTestIdevice" reference="2">
       <dictionary>
        <string role="key" value="_title"></string>
        <unicode value="SCORM Quiz"></unicode>
        <string role="key" value="_author"></string>
        <unicode value="University of Auckland"></unicode>
        <string role="key" value="_purpose"></string>
        <unicode value="Unlike the MCQ the SCORM quiz is used to test 
the learners knowledge on a topic without providing the learner with feedback 
to the correct answer. The quiz will often be given once the learner has had 
time to learn and practice using the information or skill.
 "></unicode>
        <string role="key" value="_tip"></string>
        <unicode value=""></unicode>
        <string role="key" value="edit"></string>
        <bool value="0"></bool>
        <string role="key" value="emphasis"></string>
        <int value="1"></int>
        <string role="key" value="exe.engine.quiztestidevice.QuizTestIdevice.persistenceVersion"></string>
        <int value="10"></int>
        <string role="key" value="icon"></string>
        <string value="question"></string>
        <string role="key" value="id"></string>
        <unicode value="3"></unicode>
        <string role="key" value="isAnswered"></string>
        <bool value="1"></bool>
        <string role="key" value="isQuiz"></string>
        <bool value="1"></bool>
        <string role="key" value="lastIdevice"></string>
        <bool value="0"></bool>
        <string role="key" value="originalicon"></string>
        <string value="question"></string>
        <string role="key" value="parentNode"></string>
        <reference key="1"></reference>
        <string role="key" value="passRate"></string>
        <unicode value="50"></unicode>
        <string role="key" value="questions"></string>
        <list>
         <instance class="exe.engine.quiztestidevice.TestQuestion" reference="5">
          <dictionary>
           <string role="key" value="questionTextArea"></string>
           <instance class="exe.engine.field.TextAreaField" reference="3">
            <dictionary>
             <string role="key" value="_id"></string>
             <int value="113"></int>
             <string role="key" value="_idevice"></string>
             <reference key="2"></reference>
             <string role="key" value="_instruc"></string>
             <unicode value="Enter the question stem. 
The quest should be clear and unambiguous. Avoid negative premises 
as these can tend to be ambiguous."></unicode>
             <string role="key" value="_name"></string>
             <unicode value="Question:"></unicode>
             <string role="key" value="anchor_names"></string>
             <list></list>
             <string role="key" value="anchors_linked_from_fields"></string>
             <dictionary></dictionary>
             <string role="key" value="content_w_resourcePaths"></string>
             <unicode content="true" value="&lt;p&gt;Que es un avión&lt;/p&gt;"></unicode>
             <string role="key" value="exe.engine.field.Field.persistenceVersion"></string>
             <int value="4"></int>
             <string role="key" value="exe.engine.field.FieldWithResources.persistenceVersion"></string>
             <int value="2"></int>
             <string role="key" value="exe.engine.field.TextAreaField.persistenceVersion"></string>
             <int value="3"></int>
             <string role="key" value="htmlTag"></string>
             <string value="div"></string>
             <string role="key" value="images"></string>
             <instance class="exe.engine.galleryidevice.GalleryImages">
              <dictionary>
               <string role="key" value=".listitems"></string>
               <list></list>
               <string role="key" value="idevice"></string>
               <reference key="3"></reference>
              </dictionary>
             </instance>
             <string role="key" value="intlinks_to_anchors"></string>
             <dictionary></dictionary>
             <string role="key" value="nextImageId"></string>
             <int value="0"></int>
             <string role="key" value="parentNode"></string>
             <none></none>
            </dictionary>
           </instance>
           <string role="key" value="_correctAnswerInstruc"></string>
           <unicode value="To indicate the correct answer, 
click the radio button next to the correct option."></unicode>
           <string role="key" value="_optionInstruc"></string>
           <unicode value="Enter an answer option. Provide 
a range of plausible distractors (usually 3-4) as well as the correct answer. 
Click on the &amp;lt;Add another option&amp;gt; button to add another answer."></unicode>
           <string role="key" value="_questionInstruc"></string>
           <unicode value="Enter the question stem. 
The quest should be clear and unambiguous. Avoid negative premises 
as these can tend to be ambiguous."></unicode>
           <string role="key" value="correctAns"></string>
           <int value="2"></int>
           <string role="key" value="exe.engine.quiztestidevice.TestQuestion.persistenceVersion"></string>
           <int value="3"></int>
           <string role="key" value="idevice"></string>
           <reference key="2"></reference>
           <string role="key" value="options"></string>
           <list>
            <instance class="exe.engine.quiztestidevice.AnswerOption">
             <dictionary>
              <string role="key" value="answerTextArea"></string>
              <instance class="exe.engine.field.TextAreaField" reference="4">
               <dictionary>
                <string role="key" value="_id"></string>
                <int value="114"></int>
                <string role="key" value="_idevice"></string>
                <reference key="2"></reference>
                <string role="key" value="_instruc"></string>
                <unicode value="Enter an answer option. Provide 
a range of plausible distractors (usually 3-4) as well as the correct answer. 
Click on the &amp;lt;Add another option&amp;gt; button to add another answer."></unicode>
                <string role="key" value="_name"></string>
                <unicode value="Option"></unicode>
                <string role="key" value="anchor_names"></string>
                <list></list>
                <string role="key" value="anchors_linked_from_fields"></string>
                <dictionary></dictionary>
                <string role="key" value="content_w_resourcePaths"></string>
                <unicode content="true" value="&lt;p&gt;Es un perro&lt;/p&gt;"></unicode>
                <string role="key" value="exe.engine.field.Field.persistenceVersion"></string>
                <int value="4"></int>
                <string role="key" value="exe.engine.field.FieldWithResources.persistenceVersion"></string>
                <int value="2"></int>
                <string role="key" value="exe.engine.field.TextAreaField.persistenceVersion"></string>
                <int value="3"></int>
                <string role="key" value="htmlTag"></string>
                <string value="div"></string>
                <string role="key" value="images"></string>
                <instance class="exe.engine.galleryidevice.GalleryImages">
                 <dictionary>
                  <string role="key" value=".listitems"></string>
                  <list></list>
                  <string role="key" value="idevice"></string>
                  <reference key="4"></reference>
                 </dictionary>
                </instance>
                <string role="key" value="intlinks_to_anchors"></string>
                <dictionary></dictionary>
                <string role="key" value="nextImageId"></string>
                <int value="0"></int>
                <string role="key" value="parentNode"></string>
                <none></none>
               </dictionary>
              </instance>
              <string role="key" value="idevice"></string>
              <reference key="2"></reference>
              <string role="key" value="isCorrect"></string>
              <bool value="0"></bool>
              <string role="key" value="question"></string>
              <reference key="5"></reference>
             </dictionary>
            </instance>
            <instance class="exe.engine.quiztestidevice.AnswerOption">
             <dictionary>
              <string role="key" value="answerTextArea"></string>
              <instance class="exe.engine.field.TextAreaField" reference="6">
               <dictionary>
                <string role="key" value="_id"></string>
                <int value="207"></int>
                <string role="key" value="_idevice"></string>
                <reference key="2"></reference>
                <string role="key" value="_instruc"></string>
                <unicode value="Enter an answer option. Provide 
a range of plausible distractors (usually 3-4) as well as the correct answer. 
Click on the &amp;lt;Add another option&amp;gt; button to add another answer."></unicode>
                <string role="key" value="_name"></string>
                <unicode value="Option"></unicode>
                <string role="key" value="anchor_names"></string>
                <list></list>
                <string role="key" value="content_w_resourcePaths"></string>
                <unicode content="true" value="&lt;p&gt;Es un gato&lt;/p&gt;"></unicode>
                <string role="key" value="exe.engine.field.Field.persistenceVersion"></string>
                <int value="4"></int>
                <string role="key" value="exe.engine.field.FieldWithResources.persistenceVersion"></string>
                <int value="2"></int>
                <string role="key" value="exe.engine.field.TextAreaField.persistenceVersion"></string>
                <int value="3"></int>
                <string role="key" value="htmlTag"></string>
                <string value="div"></string>
                <string role="key" value="images"></string>
                <instance class="exe.engine.galleryidevice.GalleryImages">
                 <dictionary>
                  <string role="key" value=".listitems"></string>
                  <list></list>
                  <string role="key" value="idevice"></string>
                  <reference key="6"></reference>
                 </dictionary>
                </instance>
                <string role="key" value="intlinks_to_anchors"></string>
                <dictionary></dictionary>
                <string role="key" value="nextImageId"></string>
                <int value="0"></int>
                <string role="key" value="parentNode"></string>
                <none></none>
               </dictionary>
              </instance>
              <string role="key" value="idevice"></string>
              <reference key="2"></reference>
              <string role="key" value="isCorrect"></string>
              <bool value="0"></bool>
              <string role="key" value="question"></string>
              <reference key="5"></reference>
             </dictionary>
            </instance>
            <instance class="exe.engine.quiztestidevice.AnswerOption">
             <dictionary>
              <string role="key" value="answerTextArea"></string>
              <instance class="exe.engine.field.TextAreaField" reference="7">
               <dictionary>
                <string role="key" value="_id"></string>
                <int value="208"></int>
                <string role="key" value="_idevice"></string>
                <reference key="2"></reference>
                <string role="key" value="_instruc"></string>
                <unicode value="Enter an answer option. Provide 
a range of plausible distractors (usually 3-4) as well as the correct answer. 
Click on the &amp;lt;Add another option&amp;gt; button to add another answer."></unicode>
                <string role="key" value="_name"></string>
                <unicode value="Option"></unicode>
                <string role="key" value="anchor_names"></string>
                <list></list>
                <string role="key" value="content_w_resourcePaths"></string>
                <unicode content="true" value="&lt;p&gt;Es un avión&lt;/p&gt;"></unicode>
                <string role="key" value="exe.engine.field.Field.persistenceVersion"></string>
                <int value="4"></int>
                <string role="key" value="exe.engine.field.FieldWithResources.persistenceVersion"></string>
                <int value="2"></int>
                <string role="key" value="exe.engine.field.TextAreaField.persistenceVersion"></string>
                <int value="3"></int>
                <string role="key" value="htmlTag"></string>
                <string value="div"></string>
                <string role="key" value="images"></string>
                <instance class="exe.engine.galleryidevice.GalleryImages">
                 <dictionary>
                  <string role="key" value=".listitems"></string>
                  <list></list>
                  <string role="key" value="idevice"></string>
                  <reference key="7"></reference>
                 </dictionary>
                </instance>
                <string role="key" value="intlinks_to_anchors"></string>
                <dictionary></dictionary>
                <string role="key" value="nextImageId"></string>
                <int value="0"></int>
                <string role="key" value="parentNode"></string>
                <none></none>
               </dictionary>
              </instance>
              <string role="key" value="idevice"></string>
              <reference key="2"></reference>
              <string role="key" value="isCorrect"></string>
              <bool value="1"></bool>
              <string role="key" value="question"></string>
              <reference key="5"></reference>
             </dictionary>
            </instance>
           </list>
           <string role="key" value="userAns"></string>
           <int value="-1"></int>
          </dictionary>
         </instance>
        </list>
        <string role="key" value="score"></string>
        <int value="-1"></int>
        <string role="key" value="systemResources"></string>
        <list>
         <string value="common.js"></string>
        </list>
        <string role="key" value="undo"></string>
        <bool value="1"></bool>
        <string role="key" value="userResources"></string>
        <list></list>
        <string role="key" value="version"></string>
        <int value="0"></int>
       </dictionary>
      </instance>
      <instance class="exe.engine.jsidevice.JsIdevice" reference="8">
       <dictionary>
        <string role="key" value="_title"></string>
        <unicode value="Scrambled List"></unicode>
        <string role="key" value="_attributes"></string>
        <list>
         <tuple>
          <string value="title"></string>
          <list>
           <string value="Title"></string>
           <int value="0"></int>
           <int value="0"></int>
          </list>
         </tuple>
         <tuple>
          <string value="category"></string>
          <list>
           <string value="Category"></string>
           <int value="0"></int>
           <int value="1"></int>
          </list>
         </tuple>
         <tuple>
          <string value="css-class"></string>
          <list>
           <string value="CSS class"></string>
           <int value="0"></int>
           <int value="2"></int>
          </list>
         </tuple>
         <tuple>
          <string value="icon"></string>
          <list>
           <string value="Icon"></string>
           <int value="0"></int>
           <int value="3"></int>
          </list>
         </tuple>
        </list>
        <string role="key" value="_author"></string>
        <string value=""></string>
        <string role="key" value="_iDeviceDir"></string>
        <string value="scrambled-list"></string>
        <string role="key" value="_purpose"></string>
        <string value=""></string>
        <string role="key" value="_tip"></string>
        <string value=""></string>
        <string role="key" value="_valid"></string>
        <bool value="1"></bool>
        <string role="key" value="class_"></string>
        <unicode value="ScrambledList"></unicode>
        <string role="key" value="edit"></string>
        <bool value="0"></bool>
        <string role="key" value="emphasis"></string>
        <int value="1"></int>
        <string role="key" value="exe.engine.jsidevice.JsIdevice.persistenceVersion"></string>
        <int value="1"></int>
        <string role="key" value="fields"></string>
        <list>
         <instance class="exe.engine.field.TextAreaField" reference="9">
          <dictionary>
           <string role="key" value="_id"></string>
           <unicode value="116_2"></unicode>
           <string role="key" value="_idevice"></string>
           <reference key="8"></reference>
           <string role="key" value="_instruc"></string>
           <string value=""></string>
           <string role="key" value="_name"></string>
           <string value=""></string>
           <string role="key" value="anchor_names"></string>
           <list></list>
           <string role="key" value="content_w_resourcePaths"></string>
           <unicode content="true" value="&lt;div class=&quot;exe-sortableList&quot;&gt;&lt;div class=&quot;exe-sortableList-instructions&quot;&gt;&lt;p&gt;Ordene&lt;/p&gt;&lt;/div&gt;&lt;ul class=&quot;exe-sortableList-list&quot;&gt;&lt;li&gt;Primero&lt;/li&gt;&lt;li&gt;Segundo&lt;/li&gt;&lt;li&gt;Tercero&lt;/li&gt;&lt;li&gt;Cuarto&lt;/li&gt;&lt;/ul&gt;&lt;div style=&quot;display:none&quot;&gt;&lt;p class=&quot;exe-sortableList-buttonText&quot;&gt;Comprobar&lt;/p&gt;&lt;p class=&quot;exe-sortableList-rightText&quot;&gt;¡Correcto!&lt;/p&gt;&lt;p class=&quot;exe-sortableList-wrongText&quot;&gt;No es correcto... Respuesta correcta:&lt;/p&gt;&lt;/div&gt;&lt;/div&gt;"></unicode>
           <string role="key" value="exe.engine.field.Field.persistenceVersion"></string>
           <int value="4"></int>
           <string role="key" value="exe.engine.field.FieldWithResources.persistenceVersion"></string>
           <int value="2"></int>
           <string role="key" value="exe.engine.field.TextAreaField.persistenceVersion"></string>
           <int value="3"></int>
           <string role="key" value="htmlTag"></string>
           <string value="div"></string>
           <string role="key" value="images"></string>
           <instance class="exe.engine.galleryidevice.GalleryImages">
            <dictionary>
             <string role="key" value=".listitems"></string>
             <list></list>
             <string role="key" value="idevice"></string>
             <reference key="9"></reference>
            </dictionary>
           </instance>
           <string role="key" value="intlinks_to_anchors"></string>
           <dictionary></dictionary>
           <string role="key" value="nextImageId"></string>
           <int value="0"></int>
           <string role="key" value="parentNode"></string>
           <none></none>
          </dictionary>
         </instance>
        </list>
        <string role="key" value="icon"></string>
        <unicode value="activity"></unicode>
        <string role="key" value="id"></string>
        <unicode value="4"></unicode>
        <string role="key" value="ideviceCategory"></string>
        <unicode value="Interactive Activities"></unicode>
        <string role="key" value="lastIdevice"></string>
        <bool value="0"></bool>
        <string role="key" value="nextFieldId"></string>
        <int value="3"></int>
        <string role="key" value="originalicon"></string>
        <unicode value="activity"></unicode>
        <string role="key" value="parentNode"></string>
        <reference key="1"></reference>
        <string role="key" value="systemResources"></string>
        <list></list>
        <string role="key" value="undo"></string>
        <bool value="1"></bool>
        <string role="key" value="userResources"></string>
        <list></list>
        <string role="key" value="version"></string>
        <int value="0"></int>
       </dictionary>
      </instance>
      <instance class="exe.engine.multichoiceidevice.MultichoiceIdevice" reference="10">
       <dictionary>
        <string role="key" value="_title"></string>
        <unicode value="Multi-choice"></unicode>
        <string role="key" value="_answerInstruc"></string>
        <unicode value="Enter the available choices here. 
You can add options by clicking the &quot;Add Another Option&quot; button. Delete options 
by clicking the red &quot;X&quot; next to the Option."></unicode>
        <string role="key" value="_author"></string>
        <unicode value="University of Auckland"></unicode>
        <string role="key" value="_feedbackInstruc"></string>
        <unicode value="Type in the feedback that you want the 
student to see when selecting the particular option. If you don't complete this 
box, eXe will automatically provide default feedback as follows: &quot;Correct 
answer&quot; as indicated by the selection for the correct answer; or &quot;Wrong answer&quot;
for the other options."></unicode>
        <string role="key" value="_hintInstruc"></string>
        <unicode value="Enter a hint here. If you
do not want to provide a hint, leave this field blank."></unicode>
        <string role="key" value="_keyInstruc"></string>
        <unicode value="Select the correct option by clicking 
on the radio button."></unicode>
        <string role="key" value="_purpose"></string>
        <unicode value="Although more often used in formal testing 
situations MCQs can be used as a testing tool to stimulate thought and  
discussion on topics students may feel a little reticent in responding to. 

When designing a MCQ test consider the following:
&lt;ul&gt;
&lt;li&gt; What learning outcomes are the questions testing&lt;/li&gt;
&lt;li&gt;    What intellectual skills are being tested&lt;/li&gt;
&lt;li&gt; What are the language skills of the audience&lt;/li&gt;
&lt;li&gt; Gender and cultural issues&lt;/li&gt;
&lt;li&gt; Avoid grammar language and question structures that might provide 
     clues&lt;/li&gt;
&lt;/ul&gt;
 "></unicode>
        <string role="key" value="_questionInstruc"></string>
        <unicode value="Enter the question stem. 
The quest should be clear and unambiguous. Avoid negative premises 
as these can tend to be ambiguous."></unicode>
        <string role="key" value="_tip"></string>
        <unicode value="When building an MCQ consider the following: &lt;ul&gt;
&lt;li&gt; Use phrases that learners are familiar with and have 
encountered in their study &lt;/li&gt;
&lt;li&gt; Keep responses concise &lt;/li&gt;
&lt;li&gt; There should be some consistency between the stem and the responses &lt;/li&gt;
&lt;li&gt; Provide enough options to challenge learners to think about their response
&lt;/li&gt;
&lt;li&gt; Try to make sure that correct responses are not more detailed than the 
distractors &lt;/li&gt;
&lt;li&gt; Distractors should be incorrect but plausible &lt;/li&gt;
&lt;/ul&gt;
"></unicode>
        <string role="key" value="edit"></string>
        <bool value="0"></bool>
        <string role="key" value="emphasis"></string>
        <int value="1"></int>
        <string role="key" value="exe.engine.multichoiceidevice.MultichoiceIdevice.persistenceVersion"></string>
        <int value="9"></int>
        <string role="key" value="hint"></string>
        <string value=""></string>
        <string role="key" value="icon"></string>
        <unicode value="question"></unicode>
        <string role="key" value="id"></string>
        <unicode value="6"></unicode>
        <string role="key" value="lastIdevice"></string>
        <bool value="0"></bool>
        <string role="key" value="message"></string>
        <string value=""></string>
        <string role="key" value="options"></string>
        <list></list>
        <string role="key" value="originalicon"></string>
        <unicode value="question"></unicode>
        <string role="key" value="parentNode"></string>
        <reference key="1"></reference>
        <string role="key" value="question"></string>
        <string value=""></string>
        <string role="key" value="questions"></string>
        <list>
         <instance class="exe.engine.field.QuizQuestionField" reference="15">
          <dictionary>
           <string role="key" value="questionTextArea"></string>
           <instance class="exe.engine.field.TextAreaField" reference="11">
            <dictionary>
             <string role="key" value="_id"></string>
             <int value="87"></int>
             <string role="key" value="_idevice"></string>
             <reference key="10"></reference>
             <string role="key" value="_instruc"></string>
             <unicode value="Enter the question stem. 
The quest should be clear and unambiguous. Avoid negative premises 
as these can tend to be ambiguous."></unicode>
             <string role="key" value="_name"></string>
             <unicode value="Question"></unicode>
             <string role="key" value="anchor_names"></string>
             <list></list>
             <string role="key" value="anchors_linked_from_fields"></string>
             <dictionary></dictionary>
             <string role="key" value="class_"></string>
             <string value="block question"></string>
             <string role="key" value="content_w_resourcePaths"></string>
             <unicode content="true" value="&lt;p&gt;Esta es una pregunta&lt;/p&gt;"></unicode>
             <string role="key" value="exe.engine.field.Field.persistenceVersion"></string>
             <int value="4"></int>
             <string role="key" value="exe.engine.field.FieldWithResources.persistenceVersion"></string>
             <int value="2"></int>
             <string role="key" value="exe.engine.field.TextAreaField.persistenceVersion"></string>
             <int value="3"></int>
             <string role="key" value="htmlTag"></string>
             <string value="div"></string>
             <string role="key" value="images"></string>
             <instance class="exe.engine.galleryidevice.GalleryImages">
              <dictionary>
               <string role="key" value=".listitems"></string>
               <list></list>
               <string role="key" value="idevice"></string>
               <reference key="11"></reference>
              </dictionary>
             </instance>
             <string role="key" value="intlinks_to_anchors"></string>
             <dictionary></dictionary>
             <string role="key" value="nextImageId"></string>
             <int value="0"></int>
             <string role="key" value="parentNode"></string>
             <none></none>
            </dictionary>
           </instance>
           <string role="key" value="_id"></string>
           <int value="86"></int>
           <string role="key" value="_idevice"></string>
           <reference key="10"></reference>
           <string role="key" value="_instruc"></string>
           <string value=""></string>
           <string role="key" value="_name"></string>
           <unicode value="Question"></unicode>
           <string role="key" value="exe.engine.field.Field.persistenceVersion"></string>
           <int value="4"></int>
           <string role="key" value="exe.engine.field.QuizQuestionField.persistenceVersion"></string>
           <int value="1"></int>
           <string role="key" value="hintTextArea"></string>
           <instance class="exe.engine.field.TextAreaField" reference="12">
            <dictionary>
             <string role="key" value="_id"></string>
             <int value="88"></int>
             <string role="key" value="_idevice"></string>
             <reference key="10"></reference>
             <string role="key" value="_instruc"></string>
             <unicode value="Enter a hint here. If you
do not want to provide a hint, leave this field blank."></unicode>
             <string role="key" value="_name"></string>
             <unicode value="Hint"></unicode>
             <string role="key" value="anchor_names"></string>
             <list></list>
             <string role="key" value="anchors_linked_from_fields"></string>
             <dictionary></dictionary>
             <string role="key" value="content_w_resourcePaths"></string>
             <unicode content="true" value="&lt;p&gt;Texto de sugerencia&lt;/p&gt;"></unicode>
             <string role="key" value="exe.engine.field.Field.persistenceVersion"></string>
             <int value="4"></int>
             <string role="key" value="exe.engine.field.FieldWithResources.persistenceVersion"></string>
             <int value="2"></int>
             <string role="key" value="exe.engine.field.TextAreaField.persistenceVersion"></string>
             <int value="3"></int>
             <string role="key" value="htmlTag"></string>
             <string value="div"></string>
             <string role="key" value="images"></string>
             <instance class="exe.engine.galleryidevice.GalleryImages">
              <dictionary>
               <string role="key" value=".listitems"></string>
               <list></list>
               <string role="key" value="idevice"></string>
               <reference key="12"></reference>
              </dictionary>
             </instance>
             <string role="key" value="intlinks_to_anchors"></string>
             <dictionary></dictionary>
             <string role="key" value="nextImageId"></string>
             <int value="0"></int>
             <string role="key" value="parentNode"></string>
             <none></none>
            </dictionary>
           </instance>
           <string role="key" value="options"></string>
           <list>
            <instance class="exe.engine.field.QuizOptionField">
             <dictionary>
              <string role="key" value="_id"></string>
              <int value="89"></int>
              <string role="key" value="_idevice"></string>
              <reference key="10"></reference>
              <string role="key" value="_instruc"></string>
              <string value=""></string>
              <string role="key" value="_name"></string>
              <string value=""></string>
              <string role="key" value="answerTextArea"></string>
              <instance class="exe.engine.field.TextAreaField" reference="13">
               <dictionary>
                <string role="key" value="_id"></string>
                <int value="90"></int>
                <string role="key" value="_idevice"></string>
                <reference key="10"></reference>
                <string role="key" value="_instruc"></string>
                <unicode value="Enter the available choices here. 
You can add options by clicking the &quot;Add Another Option&quot; button. Delete options 
by clicking the red &quot;X&quot; next to the Option."></unicode>
                <string role="key" value="_name"></string>
                <unicode value="Option"></unicode>
                <string role="key" value="anchor_names"></string>
                <list></list>
                <string role="key" value="anchors_linked_from_fields"></string>
                <dictionary></dictionary>
                <string role="key" value="content_w_resourcePaths"></string>
                <unicode content="true" value="&lt;p&gt;Primera opción&lt;/p&gt;"></unicode>
                <string role="key" value="exe.engine.field.Field.persistenceVersion"></string>
                <int value="4"></int>
                <string role="key" value="exe.engine.field.FieldWithResources.persistenceVersion"></string>
                <int value="2"></int>
                <string role="key" value="exe.engine.field.TextAreaField.persistenceVersion"></string>
                <int value="3"></int>
                <string role="key" value="htmlTag"></string>
                <string value="div"></string>
                <string role="key" value="images"></string>
                <instance class="exe.engine.galleryidevice.GalleryImages">
                 <dictionary>
                  <string role="key" value=".listitems"></string>
                  <list></list>
                  <string role="key" value="idevice"></string>
                  <reference key="13"></reference>
                 </dictionary>
                </instance>
                <string role="key" value="intlinks_to_anchors"></string>
                <dictionary></dictionary>
                <string role="key" value="nextImageId"></string>
                <int value="0"></int>
                <string role="key" value="parentNode"></string>
                <none></none>
               </dictionary>
              </instance>
              <string role="key" value="exe.engine.field.Field.persistenceVersion"></string>
              <int value="4"></int>
              <string role="key" value="exe.engine.field.QuizOptionField.persistenceVersion"></string>
              <int value="1"></int>
              <string role="key" value="feedbackTextArea"></string>
              <instance class="exe.engine.field.TextAreaField" reference="14">
               <dictionary>
                <string role="key" value="_id"></string>
                <int value="91"></int>
                <string role="key" value="_idevice"></string>
                <reference key="10"></reference>
                <string role="key" value="_instruc"></string>
                <unicode value="Type in the feedback that you want the 
student to see when selecting the particular option. If you don't complete this 
box, eXe will automatically provide default feedback as follows: &quot;Correct 
answer&quot; as indicated by the selection for the correct answer; or &quot;Wrong answer&quot;
for the other options."></unicode>
                <string role="key" value="_name"></string>
                <unicode value="Feedback"></unicode>
                <string role="key" value="anchor_names"></string>
                <list></list>
                <string role="key" value="anchors_linked_from_fields"></string>
                <dictionary></dictionary>
                <string role="key" value="content_w_resourcePaths"></string>
                <unicode content="true" value=""></unicode>
                <string role="key" value="exe.engine.field.Field.persistenceVersion"></string>
                <int value="4"></int>
                <string role="key" value="exe.engine.field.FieldWithResources.persistenceVersion"></string>
                <int value="2"></int>
                <string role="key" value="exe.engine.field.TextAreaField.persistenceVersion"></string>
                <int value="3"></int>
                <string role="key" value="images"></string>
                <instance class="exe.engine.galleryidevice.GalleryImages">
                 <dictionary>
                  <string role="key" value=".listitems"></string>
                  <list></list>
                  <string role="key" value="idevice"></string>
                  <reference key="14"></reference>
                 </dictionary>
                </instance>
                <string role="key" value="intlinks_to_anchors"></string>
                <dictionary></dictionary>
                <string role="key" value="nextImageId"></string>
                <int value="0"></int>
                <string role="key" value="parentNode"></string>
                <none></none>
               </dictionary>
              </instance>
              <string role="key" value="isCorrect"></string>
              <bool value="0"></bool>
              <string role="key" value="question"></string>
              <reference key="15"></reference>
             </dictionary>
            </instance>
            <instance class="exe.engine.field.QuizOptionField">
             <dictionary>
              <string role="key" value="_id"></string>
              <int value="209"></int>
              <string role="key" value="_idevice"></string>
              <reference key="10"></reference>
              <string role="key" value="_instruc"></string>
              <string value=""></string>
              <string role="key" value="_name"></string>
              <string value=""></string>
              <string role="key" value="answerTextArea"></string>
              <instance class="exe.engine.field.TextAreaField" reference="16">
               <dictionary>
                <string role="key" value="_id"></string>
                <int value="210"></int>
                <string role="key" value="_idevice"></string>
                <reference key="10"></reference>
                <string role="key" value="_instruc"></string>
                <unicode value="Enter the available choices here. 
You can add options by clicking the &quot;Add Another Option&quot; button. Delete options 
by clicking the red &quot;X&quot; next to the Option."></unicode>
                <string role="key" value="_name"></string>
                <unicode value="Option"></unicode>
                <string role="key" value="anchor_names"></string>
                <list></list>
                <string role="key" value="content_w_resourcePaths"></string>
                <unicode content="true" value="&lt;p&gt;Segunta opción&lt;/p&gt;"></unicode>
                <string role="key" value="exe.engine.field.Field.persistenceVersion"></string>
                <int value="4"></int>
                <string role="key" value="exe.engine.field.FieldWithResources.persistenceVersion"></string>
                <int value="2"></int>
                <string role="key" value="exe.engine.field.TextAreaField.persistenceVersion"></string>
                <int value="3"></int>
                <string role="key" value="htmlTag"></string>
                <string value="div"></string>
                <string role="key" value="images"></string>
                <instance class="exe.engine.galleryidevice.GalleryImages">
                 <dictionary>
                  <string role="key" value=".listitems"></string>
                  <list></list>
                  <string role="key" value="idevice"></string>
                  <reference key="16"></reference>
                 </dictionary>
                </instance>
                <string role="key" value="intlinks_to_anchors"></string>
                <dictionary></dictionary>
                <string role="key" value="nextImageId"></string>
                <int value="0"></int>
                <string role="key" value="parentNode"></string>
                <none></none>
               </dictionary>
              </instance>
              <string role="key" value="exe.engine.field.Field.persistenceVersion"></string>
              <int value="4"></int>
              <string role="key" value="exe.engine.field.QuizOptionField.persistenceVersion"></string>
              <int value="1"></int>
              <string role="key" value="feedbackTextArea"></string>
              <instance class="exe.engine.field.TextAreaField" reference="17">
               <dictionary>
                <string role="key" value="_id"></string>
                <int value="211"></int>
                <string role="key" value="_idevice"></string>
                <reference key="10"></reference>
                <string role="key" value="_instruc"></string>
                <unicode value="Type in the feedback that you want the 
student to see when selecting the particular option. If you don't complete this 
box, eXe will automatically provide default feedback as follows: &quot;Correct 
answer&quot; as indicated by the selection for the correct answer; or &quot;Wrong answer&quot;
for the other options."></unicode>
                <string role="key" value="_name"></string>
                <unicode value="Feedback"></unicode>
                <string role="key" value="anchor_names"></string>
                <list></list>
                <string role="key" value="content_w_resourcePaths"></string>
                <unicode content="true" value=""></unicode>
                <string role="key" value="exe.engine.field.Field.persistenceVersion"></string>
                <int value="4"></int>
                <string role="key" value="exe.engine.field.FieldWithResources.persistenceVersion"></string>
                <int value="2"></int>
                <string role="key" value="exe.engine.field.TextAreaField.persistenceVersion"></string>
                <int value="3"></int>
                <string role="key" value="images"></string>
                <instance class="exe.engine.galleryidevice.GalleryImages">
                 <dictionary>
                  <string role="key" value=".listitems"></string>
                  <list></list>
                  <string role="key" value="idevice"></string>
                  <reference key="17"></reference>
                 </dictionary>
                </instance>
                <string role="key" value="intlinks_to_anchors"></string>
                <dictionary></dictionary>
                <string role="key" value="nextImageId"></string>
                <int value="0"></int>
                <string role="key" value="parentNode"></string>
                <none></none>
               </dictionary>
              </instance>
              <string role="key" value="isCorrect"></string>
              <bool value="0"></bool>
              <string role="key" value="question"></string>
              <reference key="15"></reference>
             </dictionary>
            </instance>
            <instance class="exe.engine.field.QuizOptionField">
             <dictionary>
              <string role="key" value="_id"></string>
              <int value="212"></int>
              <string role="key" value="_idevice"></string>
              <reference key="10"></reference>
              <string role="key" value="_instruc"></string>
              <string value=""></string>
              <string role="key" value="_name"></string>
              <string value=""></string>
              <string role="key" value="answerTextArea"></string>
              <instance class="exe.engine.field.TextAreaField" reference="18">
               <dictionary>
                <string role="key" value="_id"></string>
                <int value="213"></int>
                <string role="key" value="_idevice"></string>
                <reference key="10"></reference>
                <string role="key" value="_instruc"></string>
                <unicode value="Enter the available choices here. 
You can add options by clicking the &quot;Add Another Option&quot; button. Delete options 
by clicking the red &quot;X&quot; next to the Option."></unicode>
                <string role="key" value="_name"></string>
                <unicode value="Option"></unicode>
                <string role="key" value="anchor_names"></string>
                <list></list>
                <string role="key" value="content_w_resourcePaths"></string>
                <unicode content="true" value="&lt;p&gt;Tercera opción&lt;/p&gt;"></unicode>
                <string role="key" value="exe.engine.field.Field.persistenceVersion"></string>
                <int value="4"></int>
                <string role="key" value="exe.engine.field.FieldWithResources.persistenceVersion"></string>
                <int value="2"></int>
                <string role="key" value="exe.engine.field.TextAreaField.persistenceVersion"></string>
                <int value="3"></int>
                <string role="key" value="htmlTag"></string>
                <string value="div"></string>
                <string role="key" value="images"></string>
                <instance class="exe.engine.galleryidevice.GalleryImages">
                 <dictionary>
                  <string role="key" value=".listitems"></string>
                  <list></list>
                  <string role="key" value="idevice"></string>
                  <reference key="18"></reference>
                 </dictionary>
                </instance>
                <string role="key" value="intlinks_to_anchors"></string>
                <dictionary></dictionary>
                <string role="key" value="nextImageId"></string>
                <int value="0"></int>
                <string role="key" value="parentNode"></string>
                <none></none>
               </dictionary>
              </instance>
              <string role="key" value="exe.engine.field.Field.persistenceVersion"></string>
              <int value="4"></int>
              <string role="key" value="exe.engine.field.QuizOptionField.persistenceVersion"></string>
              <int value="1"></int>
              <string role="key" value="feedbackTextArea"></string>
              <instance class="exe.engine.field.TextAreaField" reference="19">
               <dictionary>
                <string role="key" value="_id"></string>
                <int value="214"></int>
                <string role="key" value="_idevice"></string>
                <reference key="10"></reference>
                <string role="key" value="_instruc"></string>
                <unicode value="Type in the feedback that you want the 
student to see when selecting the particular option. If you don't complete this 
box, eXe will automatically provide default feedback as follows: &quot;Correct 
answer&quot; as indicated by the selection for the correct answer; or &quot;Wrong answer&quot;
for the other options."></unicode>
                <string role="key" value="_name"></string>
                <unicode value="Feedback"></unicode>
                <string role="key" value="anchor_names"></string>
                <list></list>
                <string role="key" value="content_w_resourcePaths"></string>
                <unicode content="true" value=""></unicode>
                <string role="key" value="exe.engine.field.Field.persistenceVersion"></string>
                <int value="4"></int>
                <string role="key" value="exe.engine.field.FieldWithResources.persistenceVersion"></string>
                <int value="2"></int>
                <string role="key" value="exe.engine.field.TextAreaField.persistenceVersion"></string>
                <int value="3"></int>
                <string role="key" value="images"></string>
                <instance class="exe.engine.galleryidevice.GalleryImages">
                 <dictionary>
                  <string role="key" value=".listitems"></string>
                  <list></list>
                  <string role="key" value="idevice"></string>
                  <reference key="19"></reference>
                 </dictionary>
                </instance>
                <string role="key" value="intlinks_to_anchors"></string>
                <dictionary></dictionary>
                <string role="key" value="nextImageId"></string>
                <int value="0"></int>
                <string role="key" value="parentNode"></string>
                <none></none>
               </dictionary>
              </instance>
              <string role="key" value="isCorrect"></string>
              <bool value="1"></bool>
              <string role="key" value="question"></string>
              <reference key="15"></reference>
             </dictionary>
            </instance>
           </list>
          </dictionary>
         </instance>
        </list>
        <string role="key" value="systemResources"></string>
        <list>
         <string value="common.js"></string>
         <string value="panel-amusements.png"></string>
         <string value="stock-stop.png"></string>
        </list>
        <string role="key" value="undo"></string>
        <bool value="1"></bool>
        <string role="key" value="userResources"></string>
        <list></list>
        <string role="key" value="version"></string>
        <int value="0"></int>
       </dictionary>
      </instance>
     </list>
     <string role="key" value="_id"></string>
     <unicode value="0"></unicode>
     <string role="key" value="_package"></string>
     <reference key="20"></reference>
     <string role="key" value="exe.engine.node.Node.persistenceVersion"></string>
     <int value="2"></int>
     <string role="key" value="exportType"></string>
     <string value="scorm"></string>
     <string role="key" value="last_full_node_path"></string>
     <string value="exe-node:Home"></string>
     <string role="key" value="parent"></string>
     <none></none>
     <string role="key" value="children"></string>
     <list></list>
    </dictionary>
   </instance>
  </dictionary>
  <string role="key" value="_objectives"></string>
  <unicode value=""></unicode>
  <string role="key" value="_preknowledge"></string>
  <unicode value=""></unicode>
  <string role="key" value="_templateFile"></string>
  <string value="Base"></string>
  <string role="key" value="backgroundImgTile"></string>
  <bool value="0"></bool>
  <string role="key" value="currentNode"></string>
  <reference key="1"></reference>
  <string role="key" value="dublinCore"></string>
  <instance class="exe.engine.package.DublinCore">
   <dictionary>
    <string role="key" value="contributors"></string>
    <unicode value=""></unicode>
    <string role="key" value="coverage"></string>
    <unicode value=""></unicode>
    <string role="key" value="creator"></string>
    <unicode value="Sebastian J"></unicode>
    <string role="key" value="date"></string>
    <unicode value=""></unicode>
    <string role="key" value="description"></string>
    <unicode value="Prueba1"></unicode>
    <string role="key" value="format"></string>
    <unicode value=""></unicode>
    <string role="key" value="identifier"></string>
    <unicode value="4a7d755e-34a5-410a-a7d4-601881136623"></unicode>
    <string role="key" value="language"></string>
    <unicode value="es"></unicode>
    <string role="key" value="publisher"></string>
    <unicode value=""></unicode>
    <string role="key" value="relation"></string>
    <unicode value=""></unicode>
    <string role="key" value="rights"></string>
    <unicode value=""></unicode>
    <string role="key" value="source"></string>
    <unicode value=""></unicode>
    <string role="key" value="subject"></string>
    <unicode value=""></unicode>
    <string role="key" value="title"></string>
    <unicode value="Prueba1"></unicode>
    <string role="key" value="type"></string>
    <unicode value=""></unicode>
   </dictionary>
  </instance>
  <string role="key" value="exe.engine.package.Package.persistenceVersion"></string>
  <int value="16"></int>
  <string role="key" value="exportMetadataType"></string>
  <string value="LOMES"></string>
  <string role="key" value="exportSource"></string>
  <bool value="1"></bool>
  <string role="key" value="footer"></string>
  <string value=""></string>
  <string role="key" value="isLoading"></string>
  <bool value="0"></bool>
  <string role="key" value="license"></string>
  <unicode value="creative commons: attribution - share alike 4.0"></unicode>
  <string role="key" value="lom"></string>
  <instance class="exe.engine.lom.lomsubs.lomSub">
   <dictionary>
    <string role="key" value="__index__"></string>
    <dictionary></dictionary>
    <string role="key" value="__oldchild__"></string>
    <none></none>
    <string role="key" value="annotation"></string>
    <list></list>
    <string role="key" value="classification"></string>
    <list></list>
    <string role="key" value="educational"></string>
    <list>
     <instance class="exe.engine.lom.lomsubs.educationalSub">
      <dictionary>
       <string role="key" value="cognitiveProcess"></string>
       <list></list>
       <string role="key" value="context"></string>
       <list></list>
       <string role="key" value="description"></string>
       <list></list>
       <string role="key" value="difficulty"></string>
       <none></none>
       <string role="key" value="intendedEndUserRole"></string>
       <list></list>
       <string role="key" value="interactivityLevel"></string>
       <none></none>
       <string role="key" value="interactivityType"></string>
       <none></none>
       <string role="key" value="language"></string>
       <list>
        <instance class="exe.engine.lom.lomsubs.LanguageIdSub">
         <dictionary>
          <string role="key" value="extensiontype_"></string>
          <none></none>
          <string role="key" value="valueOf_"></string>
          <string value="es"></string>
         </dictionary>
        </instance>
       </list>
       <string role="key" value="learningResourceType"></string>
       <list></list>
       <string role="key" value="semanticDensity"></string>
       <none></none>
       <string role="key" value="typicalAgeRange"></string>
       <list></list>
       <string role="key" value="typicalLearningTime"></string>
       <none></none>
      </dictionary>
     </instance>
    </list>
    <string role="key" value="general"></string>
    <instance class="exe.engine.lom.lomsubs.generalSub">
     <dictionary>
      <string role="key" value="aggregationLevel"></string>
      <instance class="exe.engine.lom.lomsubs.aggregationLevelSub">
       <dictionary>
        <string role="key" value="extensiontype_"></string>
        <none></none>
        <string role="key" value="source"></string>
        <instance class="exe.engine.lom.lomsubs.sourceValueSub">
         <dictionary>
          <string role="key" value="extensiontype_"></string>
          <none></none>
          <string role="key" value="string"></string>
          <list></list>
          <string role="key" value="uniqueElementName"></string>
          <string value="source"></string>
          <string role="key" value="valueOf_"></string>
          <string value="LOMv1.0"></string>
         </dictionary>
        </instance>
        <string role="key" value="uniqueElementName"></string>
        <string value="aggregationLevel"></string>
        <string role="key" value="value"></string>
        <instance class="exe.engine.lom.lomsubs.aggregationLevelValueSub">
         <dictionary>
          <string role="key" value="extensiontype_"></string>
          <none></none>
          <string role="key" value="source"></string>
          <none></none>
          <string role="key" value="uniqueElementName"></string>
          <string value="value"></string>
          <string role="key" value="value"></string>
          <none></none>
          <string role="key" value="valueOf_"></string>
          <string value="2"></string>
         </dictionary>
        </instance>
       </dictionary>
      </instance>
      <string role="key" value="coverage"></string>
      <list></list>
      <string role="key" value="description"></string>
      <list>
       <instance class="exe.engine.lom.lomsubs.descriptionSub">
        <dictionary>
         <string role="key" value="extensiontype_"></string>
         <none></none>
         <string role="key" value="string"></string>
         <list>
          <instance class="exe.engine.lom.lomsubs.LangStringSub">
           <dictionary>
            <string role="key" value="language"></string>
            <string value="es"></string>
            <string role="key" value="valueOf_"></string>
            <string value="Prueba1"></string>
           </dictionary>
          </instance>
         </list>
        </dictionary>
       </instance>
      </list>
      <string role="key" value="identifier"></string>
      <list>
       <instance class="exe.engine.lom.lomsubs.identifierSub">
        <dictionary>
         <string role="key" value="catalog"></string>
         <instance class="exe.engine.lom.lomsubs.catalogSub">
          <dictionary>
           <string role="key" value="uniqueElementName"></string>
           <string value="catalog"></string>
           <string role="key" value="valueOf_"></string>
           <unicode value="My Catalog"></unicode>
          </dictionary>
         </instance>
         <string role="key" value="entry"></string>
         <instance class="exe.engine.lom.lomsubs.entrySub">
          <dictionary>
           <string role="key" value="uniqueElementName"></string>
           <string value="entry"></string>
           <string role="key" value="valueOf_"></string>
           <unicode value="4a7d755e-34a5-410a-a7d4-601881136623"></unicode>
          </dictionary>
         </instance>
        </dictionary>
       </instance>
      </list>
      <string role="key" value="keyword"></string>
      <list></list>
      <string role="key" value="language"></string>
      <list>
       <instance class="exe.engine.lom.lomsubs.LanguageIdSub">
        <dictionary>
         <string role="key" value="extensiontype_"></string>
         <none></none>
         <string role="key" value="valueOf_"></string>
         <string value="es"></string>
        </dictionary>
       </instance>
      </list>
      <string role="key" value="structure"></string>
      <none></none>
      <string role="key" value="title"></string>
      <instance class="exe.engine.lom.lomsubs.titleSub">
       <dictionary>
        <string role="key" value="extensiontype_"></string>
        <none></none>
        <string role="key" value="string"></string>
        <list>
         <instance class="exe.engine.lom.lomsubs.LangStringSub">
          <dictionary>
           <string role="key" value="language"></string>
           <string value="es"></string>
           <string role="key" value="valueOf_"></string>
           <string value="Prueba1"></string>
          </dictionary>
         </instance>
        </list>
        <string role="key" value="uniqueElementName"></string>
        <none></none>
       </dictionary>
      </instance>
      <string role="key" value="uniqueElementName"></string>
      <string value="general"></string>
     </dictionary>
    </instance>
    <string role="key" value="lifeCycle"></string>
    <instance class="exe.engine.lom.lomsubs.lifeCycleSub">
     <dictionary>
      <string role="key" value="contribute"></string>
      <list>
       <instance class="exe.engine.lom.lomsubs.contributeSub">
        <dictionary>
         <string role="key" value="date"></string>
         <instance class="exe.engine.lom.lomsubs.dateSub">
          <dictionary>
           <string role="key" value="dateTime"></string>
           <instance class="exe.engine.lom.lomsubs.DateTimeValueSub">
            <dictionary>
             <string role="key" value="uniqueElementName"></string>
             <string value="dateTime"></string>
             <string role="key" value="valueOf_"></string>
             <string value="2021-08-03T12:23:07.00-05:00"></string>
            </dictionary>
           </instance>
           <string role="key" value="description"></string>
           <instance class="exe.engine.lom.lomsubs.LanguageStringSub">
            <dictionary>
             <string role="key" value="extensiontype_"></string>
             <none></none>
             <string role="key" value="string"></string>
             <list>
              <instance class="exe.engine.lom.lomsubs.LangStringSub">
               <dictionary>
                <string role="key" value="language"></string>
                <string value="es"></string>
                <string role="key" value="valueOf_"></string>
                <string value="Fecha de creaci\xc3\xb3n de los metadatos"></string>
               </dictionary>
              </instance>
             </list>
            </dictionary>
           </instance>
           <string role="key" value="extensiontype_"></string>
           <none></none>
           <string role="key" value="uniqueElementName"></string>
           <none></none>
           <string role="key" value="valueOf_"></string>
           <none></none>
          </dictionary>
         </instance>
         <string role="key" value="entity"></string>
         <list>
          <instance class="exe.engine.lom.lomsubs.entitySub">
           <dictionary>
            <string role="key" value="extensiontype_"></string>
            <none></none>
            <string role="key" value="valueOf_"></string>
            <string value="BEGIN:VCARD VERSION:3.0 FN:Sebastian J EMAIL;TYPE=INTERNET: ORG: END:VCARD"></string>
           </dictionary>
          </instance>
         </list>
         <string role="key" value="role"></string>
         <instance class="exe.engine.lom.lomsubs.roleSub">
          <dictionary>
           <string role="key" value="extensiontype_"></string>
           <none></none>
           <string role="key" value="source"></string>
           <instance class="exe.engine.lom.lomsubs.sourceValueSub">
            <dictionary>
             <string role="key" value="extensiontype_"></string>
             <none></none>
             <string role="key" value="string"></string>
             <list></list>
             <string role="key" value="uniqueElementName"></string>
             <string value="source"></string>
             <string role="key" value="valueOf_"></string>
             <string value="LOMv1.0"></string>
            </dictionary>
           </instance>
           <string role="key" value="uniqueElementName"></string>
           <string value="role"></string>
           <string role="key" value="value"></string>
           <instance class="exe.engine.lom.lomsubs.roleValueSub">
            <dictionary>
             <string role="key" value="extensiontype_"></string>
             <none></none>
             <string role="key" value="source"></string>
             <none></none>
             <string role="key" value="uniqueElementName"></string>
             <string value="value"></string>
             <string role="key" value="value"></string>
             <none></none>
             <string role="key" value="valueOf_"></string>
             <string value="author"></string>
            </dictionary>
           </instance>
          </dictionary>
         </instance>
        </dictionary>
       </instance>
      </list>
      <string role="key" value="status"></string>
      <none></none>
      <string role="key" value="uniqueElementName"></string>
      <none></none>
      <string role="key" value="version"></string>
      <none></none>
     </dictionary>
    </instance>
    <string role="key" value="metaMetadata"></string>
    <instance class="exe.engine.lom.lomsubs.metaMetadataSub">
     <dictionary>
      <string role="key" value="contribute"></string>
      <list>
       <instance class="exe.engine.lom.lomsubs.contributeMetaSub">
        <dictionary>
         <string role="key" value="date"></string>
         <instance class="exe.engine.lom.lomsubs.dateSub">
          <dictionary>
           <string role="key" value="dateTime"></string>
           <instance class="exe.engine.lom.lomsubs.DateTimeValueSub">
            <dictionary>
             <string role="key" value="uniqueElementName"></string>
             <string value="dateTime"></string>
             <string role="key" value="valueOf_"></string>
             <string value="2021-08-03T12:03:00.00-05:00"></string>
            </dictionary>
           </instance>
           <string role="key" value="description"></string>
           <instance class="exe.engine.lom.lomsubs.LanguageStringSub">
            <dictionary>
             <string role="key" value="extensiontype_"></string>
             <none></none>
             <string role="key" value="string"></string>
             <list>
              <instance class="exe.engine.lom.lomsubs.LangStringSub">
               <dictionary>
                <string role="key" value="language"></string>
                <string value="es"></string>
                <string role="key" value="valueOf_"></string>
                <string value="Fecha de creaci\xc3\xb3n de los metadatos"></string>
               </dictionary>
              </instance>
             </list>
            </dictionary>
           </instance>
           <string role="key" value="extensiontype_"></string>
           <none></none>
           <string role="key" value="uniqueElementName"></string>
           <none></none>
           <string role="key" value="valueOf_"></string>
           <none></none>
          </dictionary>
         </instance>
         <string role="key" value="entity"></string>
         <list>
          <instance class="exe.engine.lom.lomsubs.entitySub">
           <dictionary>
            <string role="key" value="extensiontype_"></string>
            <none></none>
            <string role="key" value="valueOf_"></string>
            <string value="BEGIN:VCARD VERSION:3.0 FN:Sebastian J EMAIL;TYPE=INTERNET: ORG: END:VCARD"></string>
           </dictionary>
          </instance>
         </list>
         <string role="key" value="role"></string>
         <instance class="exe.engine.lom.lomsubs.roleSub">
          <dictionary>
           <string role="key" value="extensiontype_"></string>
           <none></none>
           <string role="key" value="source"></string>
           <instance class="exe.engine.lom.lomsubs.sourceValueSub">
            <dictionary>
             <string role="key" value="extensiontype_"></string>
             <none></none>
             <string role="key" value="string"></string>
             <list></list>
             <string role="key" value="uniqueElementName"></string>
             <string value="source"></string>
             <string role="key" value="valueOf_"></string>
             <string value="LOMv1.0"></string>
            </dictionary>
           </instance>
           <string role="key" value="uniqueElementName"></string>
           <string value="role"></string>
           <string role="key" value="value"></string>
           <instance class="exe.engine.lom.lomsubs.roleValueSub">
            <dictionary>
             <string role="key" value="extensiontype_"></string>
             <none></none>
             <string role="key" value="source"></string>
             <none></none>
             <string role="key" value="uniqueElementName"></string>
             <string value="value"></string>
             <string role="key" value="value"></string>
             <none></none>
             <string role="key" value="valueOf_"></string>
             <string value="creator"></string>
            </dictionary>
           </instance>
          </dictionary>
         </instance>
        </dictionary>
       </instance>
      </list>
      <string role="key" value="identifier"></string>
      <list></list>
      <string role="key" value="language"></string>
      <instance class="exe.engine.lom.lomsubs.LanguageIdSub">
       <dictionary>
        <string role="key" value="extensiontype_"></string>
        <none></none>
        <string role="key" value="valueOf_"></string>
        <string value="es"></string>
       </dictionary>
      </instance>
      <string role="key" value="metadataSchema"></string>
      <list>
       <instance class="exe.engine.lom.lomsubs.metadataSchemaSub">
        <dictionary>
         <string role="key" value="valueOf_"></string>
         <string value="LOMv1.0"></string>
        </dictionary>
       </instance>
      </list>
      <string role="key" value="uniqueElementName"></string>
      <string value="metaMetadata"></string>
     </dictionary>
    </instance>
    <string role="key" value="relation"></string>
    <list></list>
    <string role="key" value="rights"></string>
    <instance class="exe.engine.lom.lomsubs.rightsSub">
     <dictionary>
      <string role="key" value="access"></string>
      <none></none>
      <string role="key" value="copyrightAndOtherRestrictions"></string>
      <instance class="exe.engine.lom.lomsubs.copyrightAndOtherRestrictionsSub">
       <dictionary>
        <string role="key" value="extensiontype_"></string>
        <none></none>
        <string role="key" value="source"></string>
        <instance class="exe.engine.lom.lomsubs.sourceValueSub">
         <dictionary>
          <string role="key" value="extensiontype_"></string>
          <none></none>
          <string role="key" value="string"></string>
          <list></list>
          <string role="key" value="uniqueElementName"></string>
          <string value="source"></string>
          <string role="key" value="valueOf_"></string>
          <string value="LOMv1.0"></string>
         </dictionary>
        </instance>
        <string role="key" value="uniqueElementName"></string>
        <string value="copyrightAndOtherRestrictions"></string>
        <string role="key" value="value"></string>
        <instance class="exe.engine.lom.lomsubs.copyrightAndOtherRestrictionsValueSub">
         <dictionary>
          <string role="key" value="extensiontype_"></string>
          <none></none>
          <string role="key" value="source"></string>
          <none></none>
          <string role="key" value="uniqueElementName"></string>
          <string value="value"></string>
          <string role="key" value="value"></string>
          <none></none>
          <string role="key" value="valueOf_"></string>
          <string value="yes"></string>
         </dictionary>
        </instance>
       </dictionary>
      </instance>
      <string role="key" value="cost"></string>
      <none></none>
      <string role="key" value="description"></string>
      <none></none>
      <string role="key" value="uniqueElementName"></string>
      <none></none>
     </dictionary>
    </instance>
    <string role="key" value="technical"></string>
    <none></none>
   </dictionary>
  </instance>
  <string role="key" value="lomEs"></string>
  <instance class="exe.engine.lom.lomsubs.lomSub">
   <dictionary>
    <string role="key" value="__index__"></string>
    <dictionary></dictionary>
    <string role="key" value="__oldchild__"></string>
    <none></none>
    <string role="key" value="annotation"></string>
    <list></list>
    <string role="key" value="classification"></string>
    <list></list>
    <string role="key" value="educational"></string>
    <list>
     <instance class="exe.engine.lom.lomsubs.educationalSub">
      <dictionary>
       <string role="key" value="cognitiveProcess"></string>
       <list></list>
       <string role="key" value="context"></string>
       <list></list>
       <string role="key" value="description"></string>
       <list></list>
       <string role="key" value="difficulty"></string>
       <none></none>
       <string role="key" value="intendedEndUserRole"></string>
       <list></list>
       <string role="key" value="interactivityLevel"></string>
       <none></none>
       <string role="key" value="interactivityType"></string>
       <none></none>
       <string role="key" value="language"></string>
       <list>
        <instance class="exe.engine.lom.lomsubs.LanguageIdSub">
         <dictionary>
          <string role="key" value="extensiontype_"></string>
          <none></none>
          <string role="key" value="valueOf_"></string>
          <string value="es"></string>
         </dictionary>
        </instance>
       </list>
       <string role="key" value="learningResourceType"></string>
       <list></list>
       <string role="key" value="semanticDensity"></string>
       <none></none>
       <string role="key" value="typicalAgeRange"></string>
       <list></list>
       <string role="key" value="typicalLearningTime"></string>
       <none></none>
      </dictionary>
     </instance>
    </list>
    <string role="key" value="general"></string>
    <instance class="exe.engine.lom.lomsubs.generalSub">
     <dictionary>
      <string role="key" value="aggregationLevel"></string>
      <instance class="exe.engine.lom.lomsubs.aggregationLevelSub">
       <dictionary>
        <string role="key" value="extensiontype_"></string>
        <none></none>
        <string role="key" value="source"></string>
        <instance class="exe.engine.lom.lomsubs.sourceValueSub">
         <dictionary>
          <string role="key" value="extensiontype_"></string>
          <none></none>
          <string role="key" value="string"></string>
          <list></list>
          <string role="key" value="uniqueElementName"></string>
          <string value="source"></string>
          <string role="key" value="valueOf_"></string>
          <string value="LOM-ESv1.0"></string>
         </dictionary>
        </instance>
        <string role="key" value="uniqueElementName"></string>
        <string value="aggregationLevel"></string>
        <string role="key" value="value"></string>
        <instance class="exe.engine.lom.lomsubs.aggregationLevelValueSub">
         <dictionary>
          <string role="key" value="extensiontype_"></string>
          <none></none>
          <string role="key" value="source"></string>
          <none></none>
          <string role="key" value="uniqueElementName"></string>
          <string value="value"></string>
          <string role="key" value="value"></string>
          <none></none>
          <string role="key" value="valueOf_"></string>
          <string value="2"></string>
         </dictionary>
        </instance>
       </dictionary>
      </instance>
      <string role="key" value="coverage"></string>
      <list></list>
      <string role="key" value="description"></string>
      <list>
       <instance class="exe.engine.lom.lomsubs.descriptionSub">
        <dictionary>
         <string role="key" value="extensiontype_"></string>
         <none></none>
         <string role="key" value="string"></string>
         <list>
          <instance class="exe.engine.lom.lomsubs.LangStringSub">
           <dictionary>
            <string role="key" value="language"></string>
            <string value="es"></string>
            <string role="key" value="valueOf_"></string>
            <string value="Prueba1"></string>
           </dictionary>
          </instance>
         </list>
        </dictionary>
       </instance>
      </list>
      <string role="key" value="identifier"></string>
      <list>
       <instance class="exe.engine.lom.lomsubs.identifierSub">
        <dictionary>
         <string role="key" value="catalog"></string>
         <instance class="exe.engine.lom.lomsubs.catalogSub">
          <dictionary>
           <string role="key" value="uniqueElementName"></string>
           <string value="catalog"></string>
           <string role="key" value="valueOf_"></string>
           <unicode value="My Catalog"></unicode>
          </dictionary>
         </instance>
         <string role="key" value="entry"></string>
         <instance class="exe.engine.lom.lomsubs.entrySub">
          <dictionary>
           <string role="key" value="uniqueElementName"></string>
           <string value="entry"></string>
           <string role="key" value="valueOf_"></string>
           <unicode value="4a7d755e-34a5-410a-a7d4-601881136623"></unicode>
          </dictionary>
         </instance>
        </dictionary>
       </instance>
      </list>
      <string role="key" value="keyword"></string>
      <list></list>
      <string role="key" value="language"></string>
      <list>
       <instance class="exe.engine.lom.lomsubs.LanguageIdSub">
        <dictionary>
         <string role="key" value="extensiontype_"></string>
         <none></none>
         <string role="key" value="valueOf_"></string>
         <string value="es"></string>
        </dictionary>
       </instance>
      </list>
      <string role="key" value="structure"></string>
      <none></none>
      <string role="key" value="title"></string>
      <instance class="exe.engine.lom.lomsubs.titleSub">
       <dictionary>
        <string role="key" value="extensiontype_"></string>
        <none></none>
        <string role="key" value="string"></string>
        <list>
         <instance class="exe.engine.lom.lomsubs.LangStringSub">
          <dictionary>
           <string role="key" value="language"></string>
           <string value="es"></string>
           <string role="key" value="valueOf_"></string>
           <string value="Prueba1"></string>
          </dictionary>
         </instance>
        </list>
        <string role="key" value="uniqueElementName"></string>
        <none></none>
       </dictionary>
      </instance>
      <string role="key" value="uniqueElementName"></string>
      <string value="general"></string>
     </dictionary>
    </instance>
    <string role="key" value="lifeCycle"></string>
    <instance class="exe.engine.lom.lomsubs.lifeCycleSub">
     <dictionary>
      <string role="key" value="contribute"></string>
      <list>
       <instance class="exe.engine.lom.lomsubs.contributeSub">
        <dictionary>
         <string role="key" value="date"></string>
         <instance class="exe.engine.lom.lomsubs.dateSub">
          <dictionary>
           <string role="key" value="dateTime"></string>
           <instance class="exe.engine.lom.lomsubs.DateTimeValueSub">
            <dictionary>
             <string role="key" value="uniqueElementName"></string>
             <string value="dateTime"></string>
             <string role="key" value="valueOf_"></string>
             <string value="2021-08-03T12:23:07.00-05:00"></string>
            </dictionary>
           </instance>
           <string role="key" value="description"></string>
           <instance class="exe.engine.lom.lomsubs.LanguageStringSub">
            <dictionary>
             <string role="key" value="extensiontype_"></string>
             <none></none>
             <string role="key" value="string"></string>
             <list>
              <instance class="exe.engine.lom.lomsubs.LangStringSub">
               <dictionary>
                <string role="key" value="language"></string>
                <string value="es"></string>
                <string role="key" value="valueOf_"></string>
                <string value="Fecha de creaci\xc3\xb3n de los metadatos"></string>
               </dictionary>
              </instance>
             </list>
            </dictionary>
           </instance>
           <string role="key" value="extensiontype_"></string>
           <none></none>
           <string role="key" value="uniqueElementName"></string>
           <none></none>
           <string role="key" value="valueOf_"></string>
           <none></none>
          </dictionary>
         </instance>
         <string role="key" value="entity"></string>
         <list>
          <instance class="exe.engine.lom.lomsubs.entitySub">
           <dictionary>
            <string role="key" value="extensiontype_"></string>
            <none></none>
            <string role="key" value="valueOf_"></string>
            <string value="BEGIN:VCARD VERSION:3.0 FN:Sebastian J EMAIL;TYPE=INTERNET: ORG: END:VCARD"></string>
           </dictionary>
          </instance>
         </list>
         <string role="key" value="role"></string>
         <instance class="exe.engine.lom.lomsubs.roleSub">
          <dictionary>
           <string role="key" value="extensiontype_"></string>
           <none></none>
           <string role="key" value="source"></string>
           <instance class="exe.engine.lom.lomsubs.sourceValueSub">
            <dictionary>
             <string role="key" value="extensiontype_"></string>
             <none></none>
             <string role="key" value="string"></string>
             <list></list>
             <string role="key" value="uniqueElementName"></string>
             <string value="source"></string>
             <string role="key" value="valueOf_"></string>
             <string value="LOM-ESv1.0"></string>
            </dictionary>
           </instance>
           <string role="key" value="uniqueElementName"></string>
           <string value="role"></string>
           <string role="key" value="value"></string>
           <instance class="exe.engine.lom.lomsubs.roleValueSub">
            <dictionary>
             <string role="key" value="extensiontype_"></string>
             <none></none>
             <string role="key" value="source"></string>
             <none></none>
             <string role="key" value="uniqueElementName"></string>
             <string value="value"></string>
             <string role="key" value="value"></string>
             <none></none>
             <string role="key" value="valueOf_"></string>
             <string value="author"></string>
            </dictionary>
           </instance>
          </dictionary>
         </instance>
        </dictionary>
       </instance>
      </list>
      <string role="key" value="status"></string>
      <none></none>
      <string role="key" value="uniqueElementName"></string>
      <none></none>
      <string role="key" value="version"></string>
      <none></none>
     </dictionary>
    </instance>
    <string role="key" value="metaMetadata"></string>
    <instance class="exe.engine.lom.lomsubs.metaMetadataSub">
     <dictionary>
      <string role="key" value="contribute"></string>
      <list>
       <instance class="exe.engine.lom.lomsubs.contributeMetaSub">
        <dictionary>
         <string role="key" value="date"></string>
         <instance class="exe.engine.lom.lomsubs.dateSub">
          <dictionary>
           <string role="key" value="dateTime"></string>
           <instance class="exe.engine.lom.lomsubs.DateTimeValueSub">
            <dictionary>
             <string role="key" value="uniqueElementName"></string>
             <string value="dateTime"></string>
             <string role="key" value="valueOf_"></string>
             <string value="2021-08-03T12:03:00.00-05:00"></string>
            </dictionary>
           </instance>
           <string role="key" value="description"></string>
           <instance class="exe.engine.lom.lomsubs.LanguageStringSub">
            <dictionary>
             <string role="key" value="extensiontype_"></string>
             <none></none>
             <string role="key" value="string"></string>
             <list>
              <instance class="exe.engine.lom.lomsubs.LangStringSub">
               <dictionary>
                <string role="key" value="language"></string>
                <string value="es"></string>
                <string role="key" value="valueOf_"></string>
                <string value="Fecha de creaci\xc3\xb3n de los metadatos"></string>
               </dictionary>
              </instance>
             </list>
            </dictionary>
           </instance>
           <string role="key" value="extensiontype_"></string>
           <none></none>
           <string role="key" value="uniqueElementName"></string>
           <none></none>
           <string role="key" value="valueOf_"></string>
           <none></none>
          </dictionary>
         </instance>
         <string role="key" value="entity"></string>
         <list>
          <instance class="exe.engine.lom.lomsubs.entitySub">
           <dictionary>
            <string role="key" value="extensiontype_"></string>
            <none></none>
            <string role="key" value="valueOf_"></string>
            <string value="BEGIN:VCARD VERSION:3.0 FN:Sebastian J EMAIL;TYPE=INTERNET: ORG: END:VCARD"></string>
           </dictionary>
          </instance>
         </list>
         <string role="key" value="role"></string>
         <instance class="exe.engine.lom.lomsubs.roleSub">
          <dictionary>
           <string role="key" value="extensiontype_"></string>
           <none></none>
           <string role="key" value="source"></string>
           <instance class="exe.engine.lom.lomsubs.sourceValueSub">
            <dictionary>
             <string role="key" value="extensiontype_"></string>
             <none></none>
             <string role="key" value="string"></string>
             <list></list>
             <string role="key" value="uniqueElementName"></string>
             <string value="source"></string>
             <string role="key" value="valueOf_"></string>
             <string value="LOM-ESv1.0"></string>
            </dictionary>
           </instance>
           <string role="key" value="uniqueElementName"></string>
           <string value="role"></string>
           <string role="key" value="value"></string>
           <instance class="exe.engine.lom.lomsubs.roleValueSub">
            <dictionary>
             <string role="key" value="extensiontype_"></string>
             <none></none>
             <string role="key" value="source"></string>
             <none></none>
             <string role="key" value="uniqueElementName"></string>
             <string value="value"></string>
             <string role="key" value="value"></string>
             <none></none>
             <string role="key" value="valueOf_"></string>
             <string value="creator"></string>
            </dictionary>
           </instance>
          </dictionary>
         </instance>
        </dictionary>
       </instance>
      </list>
      <string role="key" value="identifier"></string>
      <list></list>
      <string role="key" value="language"></string>
      <instance class="exe.engine.lom.lomsubs.LanguageIdSub">
       <dictionary>
        <string role="key" value="extensiontype_"></string>
        <none></none>
        <string role="key" value="valueOf_"></string>
        <string value="es"></string>
       </dictionary>
      </instance>
      <string role="key" value="metadataSchema"></string>
      <list>
       <instance class="exe.engine.lom.lomsubs.metadataSchemaSub">
        <dictionary>
         <string role="key" value="valueOf_"></string>
         <string value="LOM-ESv1.0"></string>
        </dictionary>
       </instance>
      </list>
      <string role="key" value="uniqueElementName"></string>
      <string value="metaMetadata"></string>
     </dictionary>
    </instance>
    <string role="key" value="relation"></string>
    <list></list>
    <string role="key" value="rights"></string>
    <instance class="exe.engine.lom.lomsubs.rightsSub">
     <dictionary>
      <string role="key" value="access"></string>
      <instance class="exe.engine.lom.lomsubs.accessSub">
       <dictionary>
        <string role="key" value="accessType"></string>
        <instance class="exe.engine.lom.lomsubs.accessTypeSub">
         <dictionary>
          <string role="key" value="extensiontype_"></string>
          <none></none>
          <string role="key" value="source"></string>
          <instance class="exe.engine.lom.lomsubs.sourceValueSub">
           <dictionary>
            <string role="key" value="extensiontype_"></string>
            <none></none>
            <string role="key" value="string"></string>
            <list></list>
            <string role="key" value="uniqueElementName"></string>
            <string value="source"></string>
            <string role="key" value="valueOf_"></string>
            <string value="LOM-ESv1.0"></string>
           </dictionary>
          </instance>
          <string role="key" value="uniqueElementName"></string>
          <string value="accessType"></string>
          <string role="key" value="value"></string>
          <instance class="exe.engine.lom.lomsubs.accessTypeValueSub">
           <dictionary>
            <string role="key" value="extensiontype_"></string>
            <none></none>
            <string role="key" value="source"></string>
            <none></none>
            <string role="key" value="uniqueElementName"></string>
            <string value="value"></string>
            <string role="key" value="value"></string>
            <none></none>
            <string role="key" value="valueOf_"></string>
            <string value="universal"></string>
           </dictionary>
          </instance>
         </dictionary>
        </instance>
        <string role="key" value="description"></string>
        <instance class="exe.engine.lom.lomsubs.LanguageStringSub">
         <dictionary>
          <string role="key" value="extensiontype_"></string>
          <none></none>
          <string role="key" value="string"></string>
          <list>
           <instance class="exe.engine.lom.lomsubs.LangStringSub">
            <dictionary>
             <string role="key" value="language"></string>
             <string value="en"></string>
             <string role="key" value="valueOf_"></string>
             <unicode value="Default"></unicode>
            </dictionary>
           </instance>
          </list>
         </dictionary>
        </instance>
        <string role="key" value="uniqueElementName"></string>
        <string value="access"></string>
       </dictionary>
      </instance>
      <string role="key" value="copyrightAndOtherRestrictions"></string>
      <instance class="exe.engine.lom.lomsubs.copyrightAndOtherRestrictionsSub">
       <dictionary>
        <string role="key" value="extensiontype_"></string>
        <none></none>
        <string role="key" value="source"></string>
        <instance class="exe.engine.lom.lomsubs.sourceValueSub">
         <dictionary>
          <string role="key" value="extensiontype_"></string>
          <none></none>
          <string role="key" value="string"></string>
          <list></list>
          <string role="key" value="uniqueElementName"></string>
          <string value="source"></string>
          <string role="key" value="valueOf_"></string>
          <string value="LOM-ESv1.0"></string>
         </dictionary>
        </instance>
        <string role="key" value="uniqueElementName"></string>
        <string value="copyrightAndOtherRestrictions"></string>
        <string role="key" value="value"></string>
        <instance class="exe.engine.lom.lomsubs.copyrightAndOtherRestrictionsValueSub">
         <dictionary>
          <string role="key" value="extensiontype_"></string>
          <none></none>
          <string role="key" value="source"></string>
          <none></none>
          <string role="key" value="uniqueElementName"></string>
          <string value="value"></string>
          <string role="key" value="value"></string>
          <none></none>
          <string role="key" value="valueOf_"></string>
          <string value="creative commons: attribution - share alike"></string>
         </dictionary>
        </instance>
       </dictionary>
      </instance>
      <string role="key" value="cost"></string>
      <none></none>
      <string role="key" value="description"></string>
      <none></none>
      <string role="key" value="uniqueElementName"></string>
      <string value="rights"></string>
     </dictionary>
    </instance>
    <string role="key" value="technical"></string>
    <none></none>
   </dictionary>
  </instance>
  <string role="key" value="mxmlforcemediaonly"></string>
  <bool value="0"></bool>
  <string role="key" value="mxmlheight"></string>
  <string value=""></string>
  <string role="key" value="mxmlprofilelist"></string>
  <string value=""></string>
  <string role="key" value="mxmlwidth"></string>
  <string value=""></string>
  <string role="key" value="release"></string>
  <string value="2.6"></string>
  <string role="key" value="resources"></string>
  <dictionary></dictionary>
  <string role="key" value="root"></string>
  <reference key="1"></reference>
  <string role="key" value="scolinks"></string>
  <bool value="0"></bool>
  <string role="key" value="scowsinglepage"></string>
  <bool value="0"></bool>
  <string role="key" value="scowwebsite"></string>
  <bool value="0"></bool>
  <string role="key" value="style"></string>
  <unicode value="INTEF"></unicode>
  <string role="key" value="sugaractivityname"></string>
  <string value=""></string>
  <string role="key" value="sugarservicename"></string>
  <string value=""></string>
  <string role="key" value="tempFile"></string>
  <bool value="0"></bool>
 </dictionary>
</instance>